Favorite,Activity Name,Activity Type,Course,Start,Time,Distance,Elevation Gain,Avg Speed(Avg Pace),Max Speed(Best Pace),Avg HR,Max HR,Calories,Total Strokes,Avg Strokes,Min Strokes,Avg SWOLF,Best SWOLF,Training Effect,
false,Columbia Running,Running,--,"Mon, Dec 7, 2015 4:05 PM",53:43,8.01,176,6:43,5:19,--,--,877,--,--,--,--,--,--,
false,Columbia Running,Running,--,"Sun, Dec 6, 2015 3:33 PM",41:31,6.01,187,6:55,5:26,--,--,654,--,--,--,--,--,--,
false,Columbia Running,Running,--,"Sat, Dec 5, 2015 2:13 PM",1:06:49,10.00,352,6:41,5:04,--,--,"1,087",--,--,--,--,--,--,
false,Columbia Running,Running,--,"Fri, Dec 4, 2015 4:08 PM",40:04,6.00,159,6:41,5:56,--,--,657,--,--,--,--,--,--,
false,Columbia Running,Running,--,"Thu, Dec 3, 2015 4:04 PM",53:12,8.01,145,6:39,4:57,--,--,874,--,--,--,--,--,--,
false,Columbia Running,Running,--,"Wed, Dec 2, 2015 4:05 PM",38:00,5.55,151,6:51,5:38,--,--,607,--,--,--,--,--,--,
false,Columbia Running,Running,--,"Tue, Dec 1, 2015 4:03 PM",53:52,8.01,237,6:44,4:55,--,--,877,--,--,--,--,--,--,
false,Columbia Running,Running,--,"Mon, Nov 30, 2015 4:04 PM",40:12,6.01,199,6:42,5:32,--,--,652,--,--,--,--,--,--,
false,Bloomington Running,Running,--,"Sat, Nov 28, 2015 11:14 AM",55:10,8.01,151,6:53,1:30,--,--,858,--,--,--,--,--,--,
false,Bloomington Running,Running,--,"Fri, Nov 27, 2015 9:56 AM",32:01,4.50,92,7:07,3:44,--,--,496,--,--,--,--,--,--,
false,Bloomington Running,Running,--,"Thu, Nov 26, 2015 9:21 AM",16:36,2.83,42,5:52,3:58,--,--,301,--,--,--,--,--,--,
false,Bloomington Running,Running,--,"Thu, Nov 26, 2015 8:50 AM",7:53,1.13,13,6:58,6:04,--,--,123,--,--,--,--,--,--,
false,Bloomington Running,Running,--,"Wed, Nov 25, 2015 10:25 AM",19:59,3.00,66,6:39,2:48,--,--,330,--,--,--,--,--,--,
false,Bloomington Running,Running,--,"Wed, Nov 25, 2015 9:49 AM",28:42,4.00,76,7:10,2:26,--,--,436,--,--,--,--,--,--,
false,Bloomington Running,Running,--,"Tue, Nov 24, 2015 10:39 AM",34:25,5.00,131,6:53,5:10,--,--,544,--,--,--,--,--,--,
false,Bloomington Running,Running,--,"Tue, Nov 24, 2015 10:11 AM",21:50,3.01,14,7:16,3:52,--,--,333,--,--,--,--,--,--,
false,Bloomington Running,Running,--,"Mon, Nov 23, 2015 11:05 AM",15:23,2.28,25,6:44,5:51,--,--,244,--,--,--,--,--,--,
false,Bloomington Running,Running,--,"Mon, Nov 23, 2015 10:27 AM",29:51,4.00,71,7:27,5:08,--,--,438,--,--,--,--,--,--,
false,Bloomington Running,Running,--,"Sun, Nov 22, 2015 2:10 PM",27:01,3.77,16,7:11,2:41,--,--,413,--,--,--,--,--,--,
false,Bloomington Running,Running,--,"Sat, Nov 21, 2015 11:10 AM",39:26,5.61,130,7:02,4:55,--,--,604,--,--,--,--,--,--,
false,Columbia Running,Running,--,"Fri, Nov 20, 2015 1:48 PM",26:21,4.01,194,6:35,5:22,--,--,434,--,--,--,--,--,--,
false,Columbia Running,Running,--,"Wed, Nov 18, 2015 4:04 PM",58:40,9.00,302,6:31,5:07,--,--,980,--,--,--,--,--,--,
false,Columbia Running,Running,--,"Mon, Nov 16, 2015 4:06 PM",53:05,8.00,184,6:38,5:26,--,--,869,--,--,--,--,--,--,
false,Columbia Running,Running,--,"Sun, Nov 15, 2015 3:42 PM",1:04:19,10.03,358,6:25,4:22,--,--,"1,086",--,--,--,--,--,--,
false,Lexington Running,Running,--,"Sat, Nov 14, 2015 2:39 PM",3:13,0.39,--,8:10,7:32,--,--,42,--,--,--,--,--,--,
false,Lexington Running,Running,--,"Sat, Nov 14, 2015 1:38 PM",28:32,5.00,216,5:42,4:28,--,--,545,--,--,--,--,--,--,
false,Lexington Running,Running,--,"Sat, Nov 14, 2015 12:58 PM",11:20,1.44,31,7:52,6:44,--,--,154,--,--,--,--,--,--,
false,Columbia Running,Running,--,"Thu, Nov 12, 2015 4:04 PM",33:22,5.01,161,6:40,5:53,--,--,547,--,--,--,--,--,--,
false,Columbia Running,Running,--,"Wed, Nov 11, 2015 4:06 PM",19:48,3.01,113,6:35,5:38,--,--,323,--,--,--,--,--,--,
false,Columbia Running,Running,--,"Tue, Nov 10, 2015 4:04 PM",52:11,8.00,174,6:31,5:00,--,--,866,--,--,--,--,--,--,
false,Columbia Running,Running,--,"Mon, Nov 9, 2015 4:04 PM",50:40,8.00,188,6:20,4:47,--,--,868,--,--,--,--,--,--,
false,Columbia Running,Running,--,"Sun, Nov 8, 2015 4:35 PM",40:05,6.01,160,6:41,5:24,--,--,648,--,--,--,--,--,--,
false,Columbia Running,Running,--,"Sat, Nov 7, 2015 8:57 AM",1:08:05,10.01,408,6:48,4:13,--,--,"1,097",--,--,--,--,--,--,
false,Columbia Running,Running,--,"Fri, Nov 6, 2015 4:49 PM",14:19,2.00,168,7:09,2:45,--,--,223,--,--,--,--,--,--,
false,Columbia Running,Running,--,"Fri, Nov 6, 2015 4:08 PM",36:56,6.00,32,6:09,4:37,--,--,650,--,--,--,--,--,--,
false,Columbia Running,Running,--,"Thu, Nov 5, 2015 3:12 PM",33:23,5.00,162,6:40,1:57,--,--,544,--,--,--,--,--,--,
false,Columbia Running,Running,--,"Wed, Nov 4, 2015 4:08 PM",53:41,8.01,192,6:42,5:13,--,--,867,--,--,--,--,--,--,
false,Columbia Running,Running,--,"Tue, Nov 3, 2015 5:15 PM",10:48,1.50,74,7:11,5:58,--,--,165,--,--,--,--,--,--,
false,Columbia Running,Running,--,"Tue, Nov 3, 2015 5:04 PM",6:03,1.01,70,6:01,4:06,--,--,108,--,--,--,--,--,--,
false,Columbia Running,Running,--,"Tue, Nov 3, 2015 4:43 PM",11:33,2.00,70,5:46,4:42,--,--,216,--,--,--,--,--,--,
false,Columbia Running,Running,--,"Tue, Nov 3, 2015 4:23 PM",11:47,2.01,74,5:53,4:38,--,--,216,--,--,--,--,--,--,
false,Columbia Running,Running,--,"Tue, Nov 3, 2015 4:06 PM",11:32,1.70,43,6:47,5:34,--,--,183,--,--,--,--,--,--,
false,Columbia Running,Running,--,"Mon, Nov 2, 2015 4:07 PM",49:15,8.01,164,6:09,4:46,--,--,860,--,--,--,--,--,--,
false,Columbia Running,Running,--,"Sun, Nov 1, 2015 9:51 AM",1:10:00,10.01,370,7:00,1:22,--,--,"1,099",--,--,--,--,--,--,
false,Urbana Running,Running,--,"Sat, Oct 31, 2015 9:48 AM",4:12,0.41,--,10:15,6:04,--,--,45,--,--,--,--,--,--,
false,Urbana Running,Running,--,"Sat, Oct 31, 2015 9:01 AM",28:59,5.06,55,5:43,4:25,--,--,555,--,--,--,--,--,--,
false,Untitled,Running,--,"Sat, Oct 31, 2015 8:17 AM",11:11,1.61,--,6:56,5:25,--,--,177,--,--,--,--,--,--,
false,Columbia Running,Running,--,"Thu, Oct 29, 2015 4:04 PM",30:49,4.86,145,6:21,4:39,--,--,529,--,--,--,--,--,--,
false,Columbia Running,Running,--,"Wed, Oct 28, 2015 4:03 PM",50:57,8.01,184,6:22,3:21,--,--,865,--,--,--,--,--,--,
false,Columbia Running,Running,--,"Tue, Oct 27, 2015 4:44 PM",2:10,0.51,--,4:15,3:35,--,--,41,--,--,--,--,--,--,
false,Columbia Running,Running,--,"Tue, Oct 27, 2015 4:07 PM",33:26,5.00,165,6:41,4:45,--,--,545,--,--,--,--,--,--,
false,Columbia Running,Running,--,"Mon, Oct 26, 2015 4:01 PM",51:54,8.00,177,6:29,5:24,--,--,870,--,--,--,--,--,--,
false,Columbia Running,Running,--,"Sun, Oct 25, 2015 4:08 PM",46:32,7.00,157,6:39,6:03,--,--,760,--,--,--,--,--,--,
false,Columbia Running,Running,--,"Sat, Oct 24, 2015 1:13 PM",1:06:50,10.01,383,6:41,5:26,--,--,"1,091",--,--,--,--,--,--,
false,Columbia Running,Running,--,"Fri, Oct 23, 2015 4:06 PM",52:36,8.01,183,6:34,5:41,--,--,875,--,--,--,--,--,--,
false,Columbia Running,Running,--,"Thu, Oct 22, 2015 4:45 PM",13:46,1.85,133,7:26,6:18,--,--,200,--,--,--,--,--,--,
false,Columbia Running,Running,--,"Thu, Oct 22, 2015 4:09 PM",31:54,5.00,17,6:22,4:32,--,--,540,--,--,--,--,--,--,
false,Columbia Running,Running,--,"Wed, Oct 21, 2015 4:05 PM",51:14,8.01,177,6:24,5:03,--,--,866,--,--,--,--,--,--,
false,Columbia Running,Running,--,"Tue, Oct 20, 2015 5:07 PM",7:56,1.10,140,7:15,5:58,--,--,117,--,--,--,--,--,--,
false,Columbia Running,Running,--,"Tue, Oct 20, 2015 4:57 PM",5:54,1.01,24,5:50,4:34,--,--,107,--,--,--,--,--,--,
false,Columbia Running,Running,--,"Tue, Oct 20, 2015 4:47 PM",5:55,1.01,24,5:53,5:03,--,--,108,--,--,--,--,--,--,
false,Columbia Running,Running,--,"Tue, Oct 20, 2015 4:36 PM",5:50,1.01,24,5:48,4:42,--,--,108,--,--,--,--,--,--,
false,Columbia Running,Running,--,"Tue, Oct 20, 2015 4:25 PM",5:49,1.01,22,5:47,4:52,--,--,108,--,--,--,--,--,--,
false,Columbia Running,Running,--,"Tue, Oct 20, 2015 4:07 PM",15:10,2.18,37,6:57,5:42,--,--,235,--,--,--,--,--,--,
false,Columbia Running,Running,--,"Mon, Oct 19, 2015 4:05 PM",51:09,8.00,194,6:24,5:31,--,--,870,--,--,--,--,--,--,
false,Ettrick Running,Running,--,"Sat, Oct 17, 2015 11:30 AM",29:24,4.99,264,5:54,4:15,--,--,540,--,--,--,--,--,--,
false,Columbia Running,Running,--,"Mon, Oct 12, 2015 4:00 PM",19:02,2.97,135,6:25,5:09,--,--,323,--,--,--,--,--,--,
true,Chicago Running,Running,--,"Sun, Oct 11, 2015 7:32 AM",3:11:19,26.64,103,7:11,2:38,--,--,"2,931",--,--,--,--,--,--,
false,Columbia Running,Running,--,"Thu, Oct 8, 2015 4:06 PM",33:58,5.20,177,6:32,5:12,--,--,568,--,--,--,--,--,--,
false,Columbia Running,Running,--,"Wed, Oct 7, 2015 4:07 PM",32:28,5.00,155,6:29,5:00,--,--,546,--,--,--,--,--,--,
false,Columbia Running,Running,--,"Tue, Oct 6, 2015 4:04 PM",33:44,5.16,149,6:32,5:28,--,--,563,--,--,--,--,--,--,
false,Columbia Running,Running,--,"Mon, Oct 5, 2015 4:06 PM",42:47,6.31,220,6:47,5:18,--,--,687,--,--,--,--,--,--,
false,Columbia Running,Running,--,"Sat, Oct 3, 2015 4:09 PM",38:32,6.01,179,6:25,5:08,--,--,653,--,--,--,--,--,--,
false,Columbia Running,Running,--,"Fri, Oct 2, 2015 4:04 PM",50:10,8.00,180,6:16,4:53,--,--,863,--,--,--,--,--,--,
false,Columbia Running,Running,--,"Thu, Oct 1, 2015 4:04 PM",49:12,8.01,755,6:09,5:02,--,--,860,--,--,--,--,--,--,
false,Columbia Running,Running,--,"Wed, Sep 30, 2015 4:05 PM",50:02,8.02,229,6:14,5:14,--,--,866,--,--,--,--,--,--,
false,Columbia Running,Running,--,"Tue, Sep 29, 2015 4:04 PM",51:22,8.00,177,6:25,5:27,--,--,870,--,--,--,--,--,--,
false,Columbia Running,Running,--,"Sun, Sep 27, 2015 9:57 AM",23:45,3.46,181,6:52,5:56,--,--,380,--,--,--,--,--,--,
false,Columbia Running,Running,--,"Sat, Sep 26, 2015 7:19 AM",1:22:02,13.15,404,6:14,4:15,--,--,"1,422",--,--,--,--,--,--,
false,Columbia Running,Running,--,"Thu, Sep 24, 2015 4:04 PM",37:29,6.00,170,6:15,4:41,--,--,650,--,--,--,--,--,--,
false,Columbia Running,Running,--,"Wed, Sep 23, 2015 4:04 PM",49:40,8.01,162,6:12,4:57,--,--,861,--,--,--,--,--,--,
false,Columbia Running,Running,--,"Mon, Sep 21, 2015 4:05 PM",57:53,9.01,288,6:26,5:16,--,--,979,--,--,--,--,--,--,
false,Columbia Running,Running,--,"Sat, Sep 19, 2015 7:35 AM",2:12:44,20.01,705,6:38,1:25,--,--,"2,186",--,--,--,--,--,--,
false,Columbia Running,Running,--,"Thu, Sep 17, 2015 9:51 AM",26:54,4.01,157,6:43,1:39,--,--,430,--,--,--,--,--,--,
false,Columbia Running,Running,--,"Tue, Sep 15, 2015 3:59 PM",51:26,8.01,173,6:25,4:56,--,--,865,--,--,--,--,--,--,
false,Columbia Running,Running,--,"Mon, Sep 14, 2015 3:57 PM",1:25:12,13.11,314,6:30,4:20,--,--,"1,425",--,--,--,--,--,--,
false,Columbia Running,Running,--,"Sun, Sep 13, 2015 8:19 AM",1:57:22,18.00,354,6:31,2:27,--,--,"1,964",--,--,--,--,--,--,
false,Saint Louis Running,Running,--,"Sat, Sep 12, 2015 8:09 AM",3:02,0.35,--,8:38,7:41,--,--,37,--,--,--,--,--,--,
false,Saint Louis Running,Running,--,"Sat, Sep 12, 2015 7:29 AM",17:47,3.17,79,5:36,4:09,--,--,343,--,--,--,--,--,--,
false,Untitled,Running,--,"Sat, Sep 12, 2015 7:09 AM",7:31,1.08,--,6:57,6:01,--,--,118,--,--,--,--,--,--,
false,Columbia Running,Running,--,"Thu, Sep 10, 2015 4:05 PM",38:35,6.00,170,6:26,4:55,--,--,656,--,--,--,--,--,--,
false,Columbia Running,Running,--,"Wed, Sep 9, 2015 4:06 PM",26:36,4.01,156,6:38,5:53,--,--,436,--,--,--,--,--,--,
false,Columbia Running,Running,--,"Tue, Sep 8, 2015 4:04 PM",50:18,8.01,193,6:17,5:09,--,--,868,--,--,--,--,--,--,
false,Columbia Running,Running,--,"Mon, Sep 7, 2015 4:03 PM",1:06:13,10.00,267,6:37,5:13,--,--,"1,093",--,--,--,--,--,--,
false,Columbia Running,Running,--,"Sun, Sep 6, 2015 8:00 PM",20:43,3.00,83,6:54,5:56,--,--,331,--,--,--,--,--,--,
false,Columbia Running,Running,--,"Sat, Sep 5, 2015 7:28 AM",2:20:10,20.01,335,7:00,5:29,--,--,"2,176",--,--,--,--,--,--,
false,Columbia Running,Running,--,"Fri, Sep 4, 2015 4:05 PM",27:27,4.02,139,6:49,4:55,--,--,436,--,--,--,--,--,--,
false,Columbia Running,Running,--,"Thu, Sep 3, 2015 4:05 PM",48:50,7.27,180,6:43,5:27,--,--,796,--,--,--,--,--,--,
false,Columbia Running,Running,--,"Wed, Sep 2, 2015 4:05 PM",32:02,4.77,636,6:43,5:39,--,--,520,--,--,--,--,--,--,
false,Columbia Running,Running,--,"Tue, Sep 1, 2015 4:03 PM",58:15,7.90,235,7:22,5:15,--,--,856,--,--,--,--,--,--,
false,Columbia Running,Running,--,"Mon, Aug 31, 2015 4:06 PM",1:07:25,10.01,237,6:44,5:29,--,--,"1,091",--,--,--,--,--,--,
false,Columbia Running,Running,--,"Sun, Aug 30, 2015 8:12 PM",27:10,4.01,120,6:47,5:53,--,--,434,--,--,--,--,--,--,
false,Columbia Running,Running,--,"Thu, Aug 27, 2015 4:06 PM",53:03,8.00,264,6:38,4:43,--,--,872,--,--,--,--,--,--,
false,Columbia Running,Running,--,"Wed, Aug 26, 2015 4:08 PM",51:39,8.00,866,6:27,5:51,--,--,871,--,--,--,--,--,--,
false,Columbia Running,Running,--,"Mon, Aug 24, 2015 4:16 PM",1:06:50,10.01,"1,096",6:41,4:51,--,--,"1,087",--,--,--,--,--,--,
false,Columbia Running,Running,--,"Sun, Aug 23, 2015 4:08 PM",54:02,8.00,231,6:45,1:19,--,--,871,--,--,--,--,--,--,
false,Kirksville Running,Running,--,"Sat, Aug 22, 2015 9:10 AM",28:10,4.17,75,6:45,6:07,--,--,455,--,--,--,--,--,--,
false,Columbia Running,Running,--,"Fri, Aug 21, 2015 4:27 PM",11:56,1.82,47,6:33,4:11,--,--,201,--,--,--,--,--,--,
false,Bloomington Running,Running,--,"Thu, Aug 20, 2015 9:49 AM",11:20,1.50,47,7:34,6:24,--,--,162,--,--,--,--,--,--,
false,Bloomington Running,Running,--,"Thu, Aug 20, 2015 9:38 AM",10:00,1.36,13,7:20,5:56,--,--,145,--,--,--,--,--,--,
false,Normal Running,Running,--,"Wed, Aug 19, 2015 10:34 AM",46:04,6.62,135,6:57,5:06,--,--,703,--,--,--,--,--,--,
false,Bloomington Running,Running,--,"Wed, Aug 19, 2015 9:21 AM",59:32,8.65,72,6:53,5:44,--,--,934,--,--,--,--,--,--,
false,Bloomington Running,Running,--,"Tue, Aug 18, 2015 9:13 AM",56:25,8.01,186,7:03,4:19,--,--,861,--,--,--,--,--,--,
false,Bloomington Running,Running,--,"Mon, Aug 17, 2015 4:31 PM",52:14,8.02,165,6:31,2:09,--,--,842,--,--,--,--,--,--,
false,Bloomington Running,Running,--,"Sun, Aug 16, 2015 5:54 PM",33:41,5.00,126,6:44,2:15,--,--,541,--,--,--,--,--,--,
false,Bloomington Running,Running,--,"Sat, Aug 15, 2015 7:18 AM",23:53,3.27,64,7:18,5:42,--,--,355,--,--,--,--,--,--,
false,Bloomington Running,Running,--,"Fri, Aug 14, 2015 9:47 AM",53:39,8.01,177,6:42,3:28,--,--,856,--,--,--,--,--,--,
false,Bloomington Running,Running,--,"Thu, Aug 13, 2015 9:17 AM",54:28,8.00,883,6:48,4:40,--,--,858,--,--,--,--,--,--,
false,Bloomington Running,Running,--,"Wed, Aug 12, 2015 9:25 AM",1:06:17,10.00,213,6:38,5:30,--,--,"1,078",--,--,--,--,--,--,
false,Bloomington Running,Running,--,"Tue, Aug 11, 2015 9:48 AM",53:22,8.00,96,6:40,2:44,--,--,871,--,--,--,--,--,--,
false,Bloomington Running,Running,--,"Mon, Aug 10, 2015 9:41 AM",52:39,8.01,177,6:35,3:53,--,--,858,--,--,--,--,--,--,
false,Bloomington Running,Running,--,"Sun, Aug 9, 2015 4:36 PM",43:31,6.01,119,7:15,4:01,--,--,652,--,--,--,--,--,--,
false,Shawnee Mission Running,Running,--,"Sat, Aug 8, 2015 7:42 AM",27:57,4.00,172,6:59,5:47,--,--,441,--,--,--,--,--,--,
false,Shawnee Mission Running,Running,--,"Fri, Aug 7, 2015 2:48 PM",26:46,4.01,14,6:41,5:19,--,--,438,--,--,--,--,--,--,
false,Shawnee Mission Running,Running,--,"Thu, Aug 6, 2015 5:01 PM",53:26,8.00,44,6:41,4:11,--,--,880,--,--,--,--,--,--,
false,Shawnee Mission Running,Running,--,"Wed, Aug 5, 2015 5:02 PM",1:26:28,13.12,144,6:35,5:15,--,--,"1,430",--,--,--,--,--,--,
false,Shawnee Mission Running,Running,--,"Tue, Aug 4, 2015 5:43 PM",54:34,8.01,400,6:49,4:29,--,--,867,--,--,--,--,--,--,
false,Shawnee Mission Running,Running,--,"Mon, Aug 3, 2015 5:14 PM",56:19,8.01,112,7:02,5:36,--,--,865,--,--,--,--,--,--,
false,Shawnee Mission Running,Running,--,"Sun, Aug 2, 2015 5:59 PM",20:20,3.00,30,6:46,5:46,--,--,321,--,--,--,--,--,--,
false,Shawnee Mission Running,Running,--,"Sat, Aug 1, 2015 8:12 AM",1:38:28,13.00,548,7:34,5:22,--,--,"1,379",--,--,--,--,--,--,
false,Shawnee Mission Running,Running,--,"Fri, Jul 31, 2015 5:08 PM",13:31,2.01,20,6:44,6:21,--,--,215,--,--,--,--,--,--,
false,Shawnee Mission Running,Running,--,"Thu, Jul 30, 2015 5:03 PM",54:33,8.01,121,6:48,4:03,--,--,856,--,--,--,--,--,--,
false,Shawnee Mission Running,Running,--,"Wed, Jul 29, 2015 5:04 PM",1:08:20,10.01,492,6:50,5:29,--,--,"1,076",--,--,--,--,--,--,
false,Shawnee Mission Running,Running,--,"Tue, Jul 28, 2015 5:07 PM",55:57,8.01,118,6:59,5:31,--,--,864,--,--,--,--,--,--,
false,Shawnee Mission Running,Running,--,"Mon, Jul 27, 2015 5:13 PM",57:45,8.01,112,7:13,4:37,--,--,857,--,--,--,--,--,--,
false,Shawnee Mission Running,Running,--,"Sun, Jul 26, 2015 5:51 PM",41:31,6.01,98,6:55,4:28,--,--,652,--,--,--,--,--,--,
false,Shawnee Mission Running,Running,--,"Sat, Jul 25, 2015 6:47 PM",1:07:40,10.01,128,6:46,4:29,--,--,"1,072",--,--,--,--,--,--,
false,Shawnee Mission Running,Running,--,"Fri, Jul 24, 2015 4:59 PM",13:06,2.01,16,6:32,5:57,--,--,215,--,--,--,--,--,--,
false,Shawnee Mission Running,Running,--,"Thu, Jul 23, 2015 5:01 PM",56:16,8.01,69,7:02,5:10,--,--,869,--,--,--,--,--,--,
false,Shawnee Mission Running,Running,--,"Wed, Jul 22, 2015 5:21 PM",54:24,8.01,387,6:48,5:15,--,--,864,--,--,--,--,--,--,
false,Shawnee Mission Running,Running,--,"Tue, Jul 21, 2015 5:02 PM",54:54,8.01,98,6:51,3:31,--,--,873,--,--,--,--,--,--,
false,Shawnee Mission Running,Running,--,"Mon, Jul 20, 2015 5:10 PM",1:00:20,8.01,66,7:32,5:12,--,--,856,--,--,--,--,--,--,
false,Shawnee Mission Running,Running,--,"Sun, Jul 19, 2015 6:34 PM",43:07,6.01,43,7:11,4:10,--,--,642,--,--,--,--,--,--,
false,Shawnee Mission Running,Running,--,"Sat, Jul 18, 2015 8:15 AM",52:24,7.03,318,7:27,5:04,--,--,747,--,--,--,--,--,--,
false,Shawnee Mission Running,Running,--,"Fri, Jul 17, 2015 5:08 PM",20:26,3.01,118,6:47,6:07,--,--,319,--,--,--,--,--,--,
false,Shawnee Mission Running,Running,--,"Thu, Jul 16, 2015 5:07 PM",57:59,8.01,69,7:15,4:26,--,--,855,--,--,--,--,--,--,
false,Get me out of this hellhole,Running,--,"Wed, Jul 15, 2015 5:13 PM",1:21:42,10.50,92,7:47,5:32,--,--,"1,093",--,--,--,--,--,--,
false,Shawnee Mission Running,Running,--,"Tue, Jul 14, 2015 9:06 PM",45:21,6.01,312,7:33,5:46,--,--,630,--,--,--,--,--,--,
false,Shawnee Mission Running,Running,--,"Mon, Jul 13, 2015 9:05 PM",48:43,7.03,292,6:56,4:48,--,--,757,--,--,--,--,--,--,
false,Shawnee Mission Running,Running,--,"Sun, Jul 12, 2015 6:36 PM",31:28,4.52,33,6:58,5:29,--,--,483,--,--,--,--,--,--,
false,Shawnee Mission Running,Running,--,"Sat, Jul 11, 2015 7:44 AM",1:06:28,8.00,377,8:18,5:33,--,--,829,--,--,--,--,--,--,
false,Shawnee Mission Running,Running,--,"Fri, Jul 10, 2015 4:58 PM",28:14,4.09,112,6:54,5:55,--,--,421,--,--,--,--,--,--,
false,Shawnee Mission Running,Running,--,"Thu, Jul 9, 2015 5:06 PM",53:17,8.01,85,6:39,5:12,--,--,866,--,--,--,--,--,--,
false,Shawnee Mission Running,Running,--,"Wed, Jul 8, 2015 5:08 PM",53:08,8.01,397,6:38,5:39,--,--,855,--,--,--,--,--,--,
false,Shawnee Mission Running,Running,--,"Tue, Jul 7, 2015 5:07 PM",59:41,7.81,384,7:39,5:30,--,--,801,--,--,--,--,--,--,
false,Shawnee Mission Running,Running,--,"Mon, Jul 6, 2015 5:00 PM",56:01,8.01,177,7:00,4:50,--,--,873,--,--,--,--,--,--,
false,Last run with Penny,Running,--,"Sun, Jul 5, 2015 2:09 PM",23:02,2.93,20,7:52,5:30,--,--,305,--,--,--,--,--,--,
false,Run to the lake,Running,--,"Sat, Jul 4, 2015 8:40 AM",1:28:25,10.93,49,8:05,5:15,--,--,"1,145",--,--,--,--,--,--,
false,Park 2 Park 5 miler,Running,--,"Sat, Jul 4, 2015 7:29 AM",30:38,5.06,128,6:03,3:38,--,--,540,--,--,--,--,--,--,
false,Run with Penny through our favorite park,Running,--,"Fri, Jul 3, 2015 9:11 AM",40:19,5.17,98,7:48,4:33,--,--,544,--,--,--,--,--,--,
false,Bloomington Running,Running,--,"Thu, Jul 2, 2015 11:00 PM",13:22,2.00,46,6:40,4:55,--,--,212,--,--,--,--,--,--,
false,Shawnee Mission Running,Running,--,"Wed, Jul 1, 2015 5:06 PM",59:06,8.01,364,7:23,5:12,--,--,848,--,--,--,--,--,--,
false,Shawnee Mission Running,Running,--,"Tue, Jun 30, 2015 5:05 PM",54:11,8.01,66,6:46,4:26,--,--,876,--,--,--,--,--,--,
false,Shawnee Mission Running,Running,--,"Mon, Jun 29, 2015 5:06 PM",55:39,8.00,82,6:57,4:45,--,--,855,--,--,--,--,--,--,
false,Shawnee Mission Running,Running,--,"Sun, Jun 28, 2015 8:05 AM",1:56:43,16.01,577,7:17,5:35,--,--,"1,723",--,--,--,--,--,--,
false,Shawnee Mission Running,Running,--,"Sat, Jun 27, 2015 6:59 PM",21:07,3.01,128,7:02,5:59,--,--,323,--,--,--,--,--,--,
false,Shawnee Mission Running,Running,--,"Fri, Jun 26, 2015 5:15 PM",40:37,6.01,295,6:46,3:43,--,--,651,--,--,--,--,--,--,
false,Shawnee Mission Running,Running,--,"Thu, Jun 25, 2015 7:15 PM",58:25,8.00,62,7:18,3:06,--,--,862,--,--,--,--,--,--,
false,Got a little lost,Running,--,"Wed, Jun 24, 2015 9:12 PM",59:47,8.50,269,7:02,4:09,--,--,918,--,--,--,--,--,--,
false,Shawnee Mission Running,Running,--,"Tue, Jun 23, 2015 5:16 PM",53:58,8.01,75,6:44,4:54,--,--,870,--,--,--,--,--,--,
false,Shawnee Mission Running,Running,--,"Mon, Jun 22, 2015 8:29 PM",56:20,8.01,384,7:02,4:55,--,--,871,--,--,--,--,--,--,
false,Shawnee Mission Running,Running,--,"Sun, Jun 21, 2015 4:11 PM",49:38,6.01,295,8:16,6:02,--,--,626,--,--,--,--,--,--,
false,Lees Summit Running,Running,--,"Sat, Jun 20, 2015 7:14 AM",27:38,4.01,187,6:53,6:01,--,--,436,--,--,--,--,--,--,
false,Shawnee Mission Running,Running,--,"Fri, Jun 19, 2015 5:18 PM",55:58,8.01,89,6:59,5:08,--,--,873,--,--,--,--,--,--,
false,Had to poop @ 52:15,Running,--,"Thu, Jun 18, 2015 5:01 PM",54:22,8.01,66,6:47,4:52,--,--,872,--,--,--,--,--,--,
false,Shawnee Mission Running,Running,--,"Wed, Jun 17, 2015 5:03 PM",54:02,8.01,374,6:45,5:05,--,--,864,--,--,--,--,--,--,
false,Untitled,Running,--,"Tue, Jun 16, 2015 5:08 PM",55:39,7.19,82,7:44,5:44,--,--,783,--,--,--,--,--,--,
false,I was the only one wearing techFabs,Running,--,"Mon, Jun 15, 2015 5:12 PM",55:52,8.00,56,6:59,5:21,--,--,872,--,--,--,--,--,--,
false,I'll take a rest day when I'm done,Running,--,"Sun, Jun 14, 2015 3:54 PM",26:19,4.01,157,6:34,5:30,--,--,429,--,--,--,--,--,--,
false,Shawnee Mission Running,Running,--,"Sat, Jun 13, 2015 8:17 AM",1:57:31,16.00,620,7:21,5:53,--,--,"1,713",--,--,--,--,--,--,
false,Shawnee Mission Running,Running,--,"Fri, Jun 12, 2015 5:07 PM",13:33,2.01,79,6:44,5:05,--,--,218,--,--,--,--,--,--,
false,Had to poop @ 52:45,Running,--,"Thu, Jun 11, 2015 5:11 PM",58:22,8.00,66,7:17,5:21,--,--,876,--,--,--,--,--,--,
false,Noticeable sweat stain,Running,--,"Wed, Jun 10, 2015 5:09 PM",56:32,8.01,85,7:04,5:20,--,--,875,--,--,--,--,--,--,
false,Tempos are hard when it's hot,Running,--,"Tue, Jun 9, 2015 5:07 PM",43:55,6.06,328,7:15,5:05,--,--,637,--,--,--,--,--,--,
false,Shawnee Mission Running,Running,--,"Mon, Jun 8, 2015 5:13 PM",56:09,8.01,66,7:01,4:59,--,--,876,--,--,--,--,--,--,
false,Shawnee Mission Running,Running,--,"Sun, Jun 7, 2015 7:15 PM",27:02,4.01,207,6:45,6:07,--,--,429,--,--,--,--,--,--,
false,Shawnee Mission Running,Running,--,"Sat, Jun 6, 2015 8:18 AM",1:53:32,16.00,755,7:06,3:37,--,--,"1,720",--,--,--,--,--,--,
false,Shawnee Mission Running,Running,--,"Fri, Jun 5, 2015 5:02 PM",20:23,3.01,135,6:47,6:10,--,--,324,--,--,--,--,--,--,
false,Shawnee Mission Running,Running,--,"Thu, Jun 4, 2015 5:05 PM",41:12,6.01,46,6:52,4:51,--,--,650,--,--,--,--,--,--,
false,Shawnee Mission Running,Running,--,"Wed, Jun 3, 2015 5:44 PM",56:20,8.01,105,7:02,5:46,--,--,874,--,--,--,--,--,--,
false,Shawnee Mission Running,Running,--,"Tue, Jun 2, 2015 6:45 PM",40:29,6.01,253,6:44,4:14,--,--,636,--,--,--,--,--,--,
false,Shawnee Mission Running,Running,--,"Mon, Jun 1, 2015 5:06 PM",53:43,8.01,69,6:43,4:25,--,--,869,--,--,--,--,--,--,
false,Shawnee Mission Running,Running,--,"Sun, May 31, 2015 5:48 PM",20:58,3.01,26,6:58,5:02,--,--,326,--,--,--,--,--,--,
false,Shawnee Mission Running,Running,--,"Sat, May 30, 2015 8:21 AM",1:50:53,16.00,577,6:56,5:13,--,--,"1,731",--,--,--,--,--,--,
false,Shawnee Mission Running,Running,--,"Fri, May 29, 2015 5:14 PM",33:45,5.01,276,6:44,5:17,--,--,545,--,--,--,--,--,--,
false,Shawnee Mission Running,Running,--,"Thu, May 28, 2015 5:04 PM",53:30,8.01,407,6:41,5:41,--,--,864,--,--,--,--,--,--,
false,Shawnee Mission Running,Running,--,"Wed, May 27, 2015 5:17 PM",34:45,4.37,30,7:57,4:16,--,--,464,--,--,--,--,--,--,
false,Shawnee Mission Running,Running,--,"Tue, May 26, 2015 5:40 PM",40:32,6.01,331,6:45,5:22,--,--,649,--,--,--,--,--,--,
false,Shawnee Mission Running,Running,--,"Mon, May 25, 2015 8:32 AM",1:10:00,9.33,164,7:30,2:42,--,--,"1,019",--,--,--,--,--,--,
false,Shawnee Mission Running,Running,--,"Sun, May 24, 2015 4:16 PM",14:04,2.01,72,7:01,6:14,--,--,218,--,--,--,--,--,--,
false,Shawnee Mission Running,Running,--,"Sat, May 23, 2015 8:29 AM",1:54:57,16.01,141,7:11,4:04,--,--,"1,744",--,--,--,--,--,--,
false,Shawnee Mission Running,Running,--,"Fri, May 22, 2015 5:05 PM",39:45,6.01,335,6:37,5:47,--,--,636,--,--,--,--,--,--,
false,Shawnee Mission Running,Running,--,"Thu, May 21, 2015 5:40 PM",54:08,8.01,64,6:46,5:40,--,--,877,--,--,--,--,--,--,
false,Shawnee Mission Running,Running,--,"Wed, May 20, 2015 6:09 PM",11:59,2.01,43,5:57,4:43,--,--,218,--,--,--,--,--,--,
false,Shawnee Mission Running,Running,--,"Wed, May 20, 2015 5:43 PM",18:26,3.01,--,6:08,4:34,--,--,327,--,--,--,--,--,--,
false,Shawnee Mission Running,Running,--,"Tue, May 19, 2015 5:16 PM",29:57,4.45,127,6:44,5:54,--,--,487,--,--,--,--,--,--,
false,Shawnee Mission Running,Running,--,"Mon, May 18, 2015 5:50 PM",53:53,8.01,56,6:44,4:23,--,--,884,--,--,--,--,--,--,
false,Columbia Running,Running,--,"Fri, May 15, 2015 9:55 AM",41:43,6.01,167,6:57,3:40,--,--,659,--,--,--,--,--,--,
false,Columbia Running,Running,--,"Thu, May 14, 2015 4:03 PM",56:11,8.01,171,7:01,5:20,--,--,873,--,--,--,--,--,--,
false,Columbia Running,Running,--,"Wed, May 13, 2015 4:06 PM",1:08:22,9.98,249,6:51,4:43,--,--,"1,098",--,--,--,--,--,--,
false,Columbia Running,Running,--,"Tue, May 12, 2015 4:03 PM",51:37,8.01,180,6:27,5:38,--,--,870,--,--,--,--,--,--,
false,Columbia Running,Running,--,"Mon, May 11, 2015 4:03 PM",51:10,8.01,184,6:23,5:17,--,--,869,--,--,--,--,--,--,
false,Columbia Running,Running,--,"Sun, May 10, 2015 8:39 AM",1:03:31,7.87,143,8:04,5:19,--,--,860,--,--,--,--,--,--,
false,Columbia Running,Running,--,"Sat, May 9, 2015 4:35 PM",40:48,6.01,166,6:48,5:05,--,--,657,--,--,--,--,--,--,
false,Columbia Running,Running,--,"Fri, May 8, 2015 7:27 AM",1:54:26,15.45,442,7:24,6:17,--,--,"1,696",--,--,--,--,--,--,
false,Columbia Running,Running,--,"Thu, May 7, 2015 4:00 PM",34:39,5.01,156,6:55,5:29,--,--,548,--,--,--,--,--,--,
false,Columbia Running,Running,--,"Wed, May 6, 2015 4:03 PM",55:20,8.00,182,6:55,5:18,--,--,875,--,--,--,--,--,--,
false,Columbia Running,Running,--,"Tue, May 5, 2015 4:02 PM",52:15,8.01,191,6:32,4:25,--,--,870,--,--,--,--,--,--,
false,Columbia Running,Running,--,"Mon, May 4, 2015 12:48 PM",58:27,8.00,203,7:18,6:19,--,--,876,--,--,--,--,--,--,
false,Columbia Running,Running,--,"Sun, May 3, 2015 9:50 AM",17:26,2.27,99,7:41,6:46,--,--,244,--,--,--,--,--,--,
false,Columbia Running,Running,--,"Sat, May 2, 2015 7:51 AM",2:01:02,16.01,581,7:34,5:42,--,--,"1,757",--,--,--,--,--,--,
false,Columbia Running,Running,--,"Fri, May 1, 2015 1:19 PM",53:57,8.01,193,6:44,5:54,--,--,876,--,--,--,--,--,--,
false,Columbia Running,Running,--,"Thu, Apr 30, 2015 11:14 AM",58:04,8.00,231,7:15,6:17,--,--,883,--,--,--,--,--,--,
false,Columbia Running,Running,--,"Wed, Apr 29, 2015 12:24 PM",34:46,4.93,143,7:03,6:14,--,--,538,--,--,--,--,--,--,
false,Columbia Running,Running,--,"Tue, Apr 28, 2015 11:16 AM",57:26,8.01,204,7:10,5:54,--,--,883,--,--,--,--,--,--,
false,Columbia Running,Running,--,"Mon, Apr 27, 2015 12:18 PM",57:56,8.01,235,7:14,5:38,--,--,882,--,--,--,--,--,--,
false,Columbia Running,Running,--,"Sun, Apr 26, 2015 4:48 PM",27:28,4.01,232,6:51,5:55,--,--,437,--,--,--,--,--,--,
false,Columbia Running,Running,--,"Sat, Apr 25, 2015 11:33 AM",1:58:51,16.01,364,7:25,5:50,--,--,"1,760",--,--,--,--,--,--,
false,Columbia Running,Running,--,"Fri, Apr 24, 2015 11:25 AM",1:01:45,8.01,252,7:43,5:43,--,--,886,--,--,--,--,--,--,
false,Columbia Running,Running,--,"Thu, Apr 23, 2015 11:22 AM",58:59,8.00,255,7:22,6:22,--,--,882,--,--,--,--,--,--,
false,Columbia Running,Running,--,"Wed, Apr 22, 2015 12:33 PM",57:58,8.01,248,7:14,6:03,--,--,880,--,--,--,--,--,--,
false,Columbia Running,Running,--,"Mon, Apr 20, 2015 1:51 PM",1:01:10,8.01,183,7:38,6:36,--,--,884,--,--,--,--,--,--,
false,Columbia Running,Running,--,"Fri, Apr 17, 2015 4:05 PM",36:14,5.00,157,7:14,6:29,--,--,550,--,--,--,--,--,--,
false,Columbia Running,Running,--,"Thu, Apr 16, 2015 4:04 PM",59:21,8.25,226,7:12,5:51,--,--,912,--,--,--,--,--,--,
false,Columbia Running,Running,--,"Tue, Apr 14, 2015 4:02 PM",41:13,6.01,201,6:52,5:31,--,--,657,--,--,--,--,--,--,
false,Columbia Running,Running,--,"Mon, Apr 13, 2015 3:22 PM",56:40,7.61,272,7:27,5:23,--,--,837,--,--,--,--,--,--,
false,Columbia Running,Running,--,"Sun, Apr 12, 2015 9:13 AM",34:12,4.51,237,7:35,5:54,--,--,499,--,--,--,--,--,--,
false,Bloomington Running,Running,--,"Sat, Apr 11, 2015 8:00 AM",1:30:19,13.07,538,6:55,5:08,--,--,"1,435",--,--,--,--,--,--,
false,Columbia Running,Running,--,"Thu, Apr 9, 2015 4:03 PM",28:37,4.01,168,7:09,5:38,--,--,440,--,--,--,--,--,--,
false,Columbia Running,Running,--,"Wed, Apr 8, 2015 4:06 PM",33:39,4.71,149,7:08,5:39,--,--,517,--,--,--,--,--,--,
false,Columbia Running,Running,--,"Tue, Apr 7, 2015 4:04 PM",42:41,6.00,166,7:07,6:04,--,--,661,--,--,--,--,--,--,
false,Columbia Running,Running,--,"Mon, Apr 6, 2015 4:05 PM",42:33,5.96,154,7:08,6:09,--,--,655,--,--,--,--,--,--,
false,Bloomington Running,Running,--,"Sat, Apr 4, 2015 10:58 AM",48:41,6.65,126,7:19,3:11,--,--,737,--,--,--,--,--,--,
false,Columbia Running,Running,--,"Wed, Apr 1, 2015 4:05 PM",43:56,5.97,159,7:21,6:11,--,--,658,--,--,--,--,--,--,
false,Columbia Running,Running,--,"Tue, Mar 31, 2015 4:04 PM",36:55,4.67,142,7:54,6:05,--,--,511,--,--,--,--,--,--,
false,Columbia Running,Running,--,"Mon, Mar 30, 2015 4:07 PM",1:03:49,9.01,284,7:05,5:36,--,--,987,--,--,--,--,--,--,
false,Bloomington Running,Running,--,"Fri, Mar 27, 2015 4:00 PM",36:41,4.79,116,7:39,6:21,--,--,532,--,--,--,--,--,--,
false,Bloomington Running,Running,--,"Tue, Mar 24, 2015 3:54 PM",37:17,4.00,83,9:19,5:40,--,--,408,--,--,--,--,--,--,
false,Bloomington Running,Running,--,"Sun, Mar 22, 2015 4:13 PM",44:05,6.00,109,7:21,4:42,--,--,661,--,--,--,--,--,--,
false,Bloomington Running,Running,--,"Sat, Mar 21, 2015 10:45 AM",35:36,4.40,121,8:06,5:51,--,--,472,--,--,--,--,--,--,
false,Columbia Running,Running,--,"Thu, Mar 19, 2015 4:05 PM",42:52,5.94,249,7:13,5:43,--,--,656,--,--,--,--,--,--,
false,Columbia Running,Running,--,"Wed, Mar 18, 2015 4:05 PM",29:15,3.99,145,7:20,5:44,--,--,436,--,--,--,--,--,--,
false,Columbia Running,Running,--,"Tue, Mar 17, 2015 4:03 PM",49:53,7.00,305,7:07,5:39,--,--,769,--,--,--,--,--,--,
false,Columbia Running,Running,--,"Mon, Mar 16, 2015 4:04 PM",55:42,8.03,166,6:56,5:42,--,--,876,--,--,--,--,--,--,
false,St Pat's 5k,Running,--,"Sat, Mar 14, 2015 8:01 AM",18:19,3.01,90,6:06,4:31,--,--,325,--,--,--,--,--,--,
false,Columbia Running,Running,--,"Fri, Mar 13, 2015 4:14 PM",36:02,5.00,156,7:12,6:20,--,--,549,--,--,--,--,--,--,
false,Columbia Running,Running,--,"Wed, Mar 11, 2015 4:03 PM",58:10,8.13,261,7:09,5:44,--,--,898,--,--,--,--,--,--,
false,Columbia Running,Running,--,"Tue, Mar 10, 2015 4:05 PM",35:21,4.88,158,7:14,5:47,--,--,539,--,--,--,--,--,--,
false,Columbia Running,Running,--,"Mon, Mar 9, 2015 4:04 PM",57:19,8.27,197,6:56,4:14,--,--,904,--,--,--,--,--,--,
false,Columbia Running,Running,--,"Sun, Mar 8, 2015 4:02 PM",1:15:38,9.13,312,8:17,6:15,--,--,983,--,--,--,--,--,--,
false,Columbia Running,Running,--,"Fri, Mar 6, 2015 4:58 PM",8:13,1.14,18,7:12,5:08,--,--,127,--,--,--,--,--,--,
false,Columbia Running,Running,--,"Fri, Mar 6, 2015 4:55 PM",3:00,0.50,--,5:58,5:10,--,--,55,--,--,--,--,--,--,
false,Columbia Running,Running,--,"Fri, Mar 6, 2015 4:49 PM",4:42,0.76,--,6:11,6:01,--,--,80,--,--,--,--,--,--,
false,Columbia Running,Running,--,"Fri, Mar 6, 2015 4:26 PM",13:34,2.02,10,6:44,5:06,--,--,220,--,--,--,--,--,--,
false,Columbia Running,Running,--,"Fri, Mar 6, 2015 4:08 PM",12:34,1.79,45,7:02,5:12,--,--,199,--,--,--,--,--,--,
false,Columbia Running,Running,--,"Thu, Mar 5, 2015 4:05 PM",41:18,6.00,191,6:53,5:07,--,--,656,--,--,--,--,--,--,
false,Columbia Running,Running,--,"Wed, Mar 4, 2015 4:06 PM",26:03,3.67,120,7:06,6:29,--,--,402,--,--,--,--,--,--,
false,Columbia Running,Running,--,"Tue, Mar 3, 2015 4:05 PM",32:23,4.30,117,7:32,6:09,--,--,478,--,--,--,--,--,--,
false,Columbia Running,Running,--,"Mon, Mar 2, 2015 4:03 PM",43:40,6.06,179,7:12,6:27,--,--,663,--,--,--,--,--,--,
false,Columbia Running,Running,--,"Thu, Feb 26, 2015 4:06 PM",36:50,5.00,158,7:22,6:34,--,--,550,--,--,--,--,--,--,
false,Columbia Running,Running,--,"Wed, Feb 25, 2015 4:03 PM",1:09:42,9.32,519,7:29,6:19,--,--,"1,030",--,--,--,--,--,--,
false,Columbia Running,Running,--,"Tue, Feb 24, 2015 4:06 PM",40:03,5.61,150,7:09,5:32,--,--,613,--,--,--,--,--,--,
false,Columbia Running,Running,--,"Mon, Feb 23, 2015 4:04 PM",44:26,6.06,186,7:20,6:22,--,--,665,--,--,--,--,--,--,
false,Columbia Running,Running,--,"Sat, Feb 21, 2015 1:41 PM",44:30,6.00,197,7:25,5:54,--,--,663,--,--,--,--,--,--,
